<?xml version="1.0" encoding="UTF-8"?>
<!DOCTYPE hibernate-configuration PUBLIC "-//Hibernate/Hibernate Configuration DTD 3.0//EN"
                                         "http://hibernate.sourceforge.net/hibernate-configuration-3.0.dtd">
<hibernate-configuration>
 <session-factory name="sessionFactory">
  	  <property name="hibernate.connection.driver_class">org.gjt.mm.mysql.Driver</property>
    
	  <property name="hibernate.connection.url">jdbc:mysql://localhost:3306/project</property>

	  <property name="hibernate.dialect">org.hibernate.dialect.MySQL5Dialect</property>
	  <property name="connection.autocommit">true</property> 
	  <property name="hibernate.show_sql">false</property>
	  <property name="connection.useUnicode">true</property> 
	  <property name="connection.characterEncoding">UTF-8</property>
	  <property name="hibernate.current_session_context_class">thread</property>
	  <property name="hibernate.connection.username">root</property>
  	  <property name="hibernate.connection.password">1993023w</property>
  
      <mapping resource="user.hbm.xml" />  
 </session-factory>
</hibernate-configuration>