<?xml version="1.0" encoding="UTF-8"?>
<!DOCTYPE hibernate-mapping PUBLIC "-//Hibernate/Hibernate Mapping DTD 3.0//EN"
                                   "http://hibernate.sourceforge.net/hibernate-mapping-3.0.dtd">
<hibernate-mapping package="bean">
   <class name="User" table="user">
       <id name="id" column="id" type="integer">
       		<generator class="native"></generator>
       </id>
 
  	   <property name="username" column="user_name" type="string" />
       <property name="password" column="user_passwd" type="string" />
   </class>
</hibernate-mapping>